frame.time,ip.src,udp.dstport
"2018-01-31 11:14:51","61.178.9.53","1434"
"2018-01-31 11:51:47","61.178.9.53","1434"
"2018-01-31 12:01:01","61.178.9.53","1434"
"2018-01-31 12:10:15","61.178.9.53","1434"
"2018-01-31 12:19:28","61.178.9.53","1434"
"2018-01-31 12:47:10","61.178.9.53","1434"
"2018-01-31 13:05:38","61.178.9.53","1434"
"2018-01-31 13:14:51","61.178.9.53","1434"
"2018-01-31 13:33:23","61.178.9.53","1434"
"2018-01-31 13:51:51","61.178.9.53","1434"
"2018-01-31 14:19:32","61.178.9.53","1434"
"2018-01-31 14:28:46","61.178.9.53","1434"
"2018-01-31 14:47:14","61.178.9.53","1434"
"2018-01-31 14:56:27","61.178.9.53","1434"
"2018-01-31 15:14:55","61.178.9.53","1434"
"2018-01-31 15:24:09","61.178.9.53","1434"
"2018-01-31 15:42:37","61.178.9.53","1434"
"2018-01-31 16:10:18","61.178.9.53","1434"
"2018-01-31 16:28:46","61.178.9.53","1434"
"2018-01-31 18:19:32","61.178.9.53","1434"
"2018-01-31 18:37:59","61.178.9.53","1434"
"2018-01-31 18:47:13","61.178.9.53","1434"
"2018-01-31 18:56:31","61.178.9.53","1434"
"2018-01-31 20:01:07","61.178.9.53","1434"
"2018-01-31 20:10:21","61.178.9.53","1434"
"2018-01-31 20:28:52","61.178.9.53","1434"
"2018-01-31 20:56:34","61.178.9.53","1434"
"2018-01-31 21:42:43","61.178.9.53","1434"
"2018-01-31 21:51:57","61.178.9.53","1434"
"2018-01-31 22:19:38","61.178.9.53","1434"
"2018-01-31 22:28:52","61.178.9.53","1434"
"2018-01-31 23:33:29","61.178.9.53","1434"
"2018-01-31 23:42:43","61.178.9.53","1434"
"2018-01-31 23:51:57","61.178.9.53","1434"
"2018-02-01 00:01:10","61.178.9.53","1434"
"2018-02-01 00:10:24","61.178.9.53","1434"
"2018-02-01 00:28:52","61.178.9.53","1434"
"2018-02-01 00:47:20","61.178.9.53","1434"
"2018-02-01 00:56:33","61.178.9.53","1434"
"2018-02-01 01:24:15","61.178.9.53","1434"
"2018-02-01 01:33:29","61.178.9.53","1434"
"2018-02-28 14:46:20","61.178.9.71","1434"
"2018-02-28 15:41:43","61.178.9.71","1434"
"2018-02-28 16:00:11","61.178.9.71","1434"
"2018-02-28 16:09:25","61.178.9.71","1434"
"2018-02-28 16:27:52","61.178.9.71","1434"
"2018-02-28 16:37:06","61.178.9.71","1434"
"2018-02-28 16:55:34","61.178.9.71","1434"
"2018-02-28 17:04:48","61.178.9.71","1434"
"2018-02-28 17:14:02","61.178.9.71","1434"
"2018-02-28 17:23:15","61.178.9.71","1434"
"2018-02-28 17:32:29","61.178.9.71","1434"
"2018-02-28 17:41:43","61.178.9.71","1434"
"2018-02-28 17:50:57","61.178.9.71","1434"
"2018-02-28 18:18:39","61.178.9.71","1434"
"2018-02-28 18:27:52","61.178.9.71","1434"
"2018-02-28 18:37:06","61.178.9.71","1434"
"2018-02-28 18:46:20","61.178.9.71","1434"
"2018-02-28 18:55:34","61.178.9.71","1434"
"2018-02-28 19:04:48","61.178.9.71","1434"
"2018-02-28 20:37:06","61.178.9.71","1434"
"2018-02-28 20:55:34","61.178.9.71","1434"
"2018-02-28 21:04:48","61.178.9.71","1434"
"2018-02-28 21:50:57","61.178.9.71","1434"
"2018-02-28 22:00:11","61.178.9.71","1434"
"2018-02-28 22:55:37","61.178.9.71","1434"
"2018-02-28 23:04:51","61.178.9.71","1434"
"2018-02-28 23:14:05","61.178.9.71","1434"
"2018-02-28 23:41:46","61.178.9.71","1434"
"2018-03-01 00:09:28","61.178.9.71","1434"
"2018-03-01 00:18:42","61.178.9.71","1434"
"2018-03-01 01:14:05","61.178.9.71","1434"
"2018-03-01 01:32:32","61.178.9.71","1434"
"2018-03-01 01:41:46","61.178.9.71","1434"
"2018-03-01 04:37:09","61.178.9.71","1434"
"2018-03-01 04:55:37","61.178.9.71","1434"
"2018-03-01 05:04:50","61.178.9.71","1434"
"2018-03-01 05:14:07","61.178.9.71","1434"
"2018-03-01 05:32:35","61.178.9.71","1434"
"2018-03-01 06:46:32","61.178.9.71","1434"
"2018-03-01 06:55:46","61.178.9.71","1434"
"2018-03-01 07:41:55","61.178.9.71","1434"
"2018-03-01 07:51:09","61.178.9.71","1434"
"2018-03-01 08:28:04","61.178.9.71","1434"
"2018-03-01 08:37:18","61.178.9.71","1434"
"2018-03-01 08:55:46","61.178.9.71","1434"
"2018-03-01 09:05:00","61.178.9.71","1434"
"2018-03-01 10:00:23","61.178.9.71","1434"
"2018-03-01 10:28:04","61.178.9.71","1434"
"2018-03-01 10:37:18","61.178.9.71","1434"
"2018-03-01 10:46:32","61.178.9.71","1434"
"2018-03-01 11:14:14","61.178.9.71","1434"
"2018-03-01 14:00:26","61.178.9.71","1434"
"2018-03-01 14:09:40","61.178.9.71","1434"
"2018-03-01 14:55:52","61.178.9.71","1434"
"2018-03-01 15:32:51","61.178.9.71","1434"
"2018-03-01 15:42:05","61.178.9.71","1434"
"2018-03-01 15:51:19","61.178.9.71","1434"
"2018-03-01 16:09:50","61.178.9.71","1434"
"2018-03-01 16:19:04","61.178.9.71","1434"
"2018-03-01 16:37:32","61.178.9.71","1434"
"2018-03-01 16:46:46","61.178.9.71","1434"
"2018-03-01 16:55:59","61.178.9.71","1434"
"2018-03-01 17:05:13","61.178.9.71","1434"
"2018-03-01 17:14:27","61.178.9.71","1434"
"2018-03-01 17:32:55","61.178.9.71","1434"
"2018-03-01 17:51:22","61.178.9.71","1434"
"2018-03-01 18:00:36","61.178.9.71","1434"
"2018-03-01 18:36:37","112.12.27.186","1434"
"2018-03-01 18:55:59","61.178.9.71","1434"
"2018-03-01 19:05:13","61.178.9.71","1434"
"2018-03-01 19:14:27","61.178.9.71","1434"
"2018-03-01 19:18:27","112.12.27.186","1434"
"2018-03-01 19:23:41","61.178.9.71","1434"
"2018-03-01 19:32:55","61.178.9.71","1434"
"2018-03-01 20:00:13","112.12.27.186","1434"
"2018-03-01 20:00:36","61.178.9.71","1434"
"2018-03-01 20:19:04","61.178.9.71","1434"
"2018-03-01 20:37:31","61.178.9.71","1434"
"2018-03-01 20:41:58","112.12.27.186","1434"
"2018-03-01 21:14:27","61.178.9.71","1434"
"2018-03-01 21:23:41","61.178.9.71","1434"
"2018-03-01 21:23:44","112.12.27.186","1434"
"2018-03-01 21:32:55","61.178.9.71","1434"
"2018-03-01 21:42:08","61.178.9.71","1434"
"2018-03-01 22:05:24","112.12.27.186","1434"
"2018-03-01 22:19:04","61.178.9.71","1434"
"2018-03-01 22:47:05","112.12.27.186","1434"
"2018-03-01 23:05:19","61.178.9.71","1434"
"2018-03-01 23:14:33","61.178.9.71","1434"
"2018-03-01 23:23:47","61.178.9.71","1434"
"2018-03-01 23:28:48","112.12.27.186","1434"
"2018-03-01 23:33:01","61.178.9.71","1434"
"2018-03-01 23:42:15","61.178.9.71","1434"
"2018-03-01 23:51:28","61.178.9.71","1434"
"2018-03-02 00:09:56","61.178.9.71","1434"
"2018-03-02 00:10:40","112.12.27.186","1434"
"2018-03-02 00:19:10","61.178.9.71","1434"
"2018-03-02 00:28:24","61.178.9.71","1434"
"2018-03-02 00:37:38","61.178.9.71","1434"
"2018-03-02 00:46:52","61.178.9.71","1434"
"2018-03-02 00:52:34","112.12.27.186","1434"
"2018-03-02 01:05:19","61.178.9.71","1434"
"2018-03-02 02:19:10","61.178.9.71","1434"
"2018-03-02 02:28:24","61.178.9.71","1434"
"2018-03-02 03:33:01","61.178.9.71","1434"
"2018-03-02 03:51:28","61.178.9.71","1434"
"2018-03-02 04:09:56","61.178.9.71","1434"
"2018-03-02 04:19:14","61.178.9.71","1434"
"2018-03-02 04:28:27","61.178.9.71","1434"
"2018-03-02 04:37:41","61.178.9.71","1434"
"2018-03-02 04:56:09","61.178.9.71","1434"
"2018-03-02 05:14:37","61.178.9.71","1434"
"2018-03-02 05:23:50","61.178.9.71","1434"
"2018-03-02 05:51:32","61.178.9.71","1434"
"2018-03-02 06:19:13","61.178.9.71","1434"
"2018-03-02 06:46:55","61.178.9.71","1434"
"2018-03-02 06:56:09","61.178.9.71","1434"
"2018-03-02 07:05:23","61.178.9.71","1434"
"2018-03-02 07:14:36","61.178.9.71","1434"
"2018-03-02 07:23:50","61.178.9.71","1434"
"2018-03-02 07:33:04","61.178.9.71","1434"
"2018-03-02 07:51:32","61.178.9.71","1434"
"2018-03-02 08:37:41","61.178.9.71","1434"
"2018-03-31 22:44:54","61.178.9.65","1434"
"2018-03-31 22:54:08","61.178.9.65","1434"
"2018-03-31 23:03:22","61.178.9.65","1434"
"2018-03-31 23:12:36","61.178.9.65","1434"
"2018-03-31 23:21:49","61.178.9.65","1434"
"2018-03-31 23:31:03","61.178.9.65","1434"
"2018-03-31 23:40:17","61.178.9.65","1434"
"2018-03-31 23:49:31","61.178.9.65","1434"
"2018-03-31 23:58:45","61.178.9.65","1434"
"2018-04-01 00:26:26","61.178.9.65","1434"
"2018-04-01 00:35:40","61.178.9.65","1434"
"2018-04-01 00:54:08","61.178.9.65","1434"
"2018-04-01 01:03:22","61.178.9.65","1434"
"2018-04-01 01:21:49","61.178.9.65","1434"
"2018-04-01 01:49:31","61.178.9.65","1434"
"2018-04-01 01:58:45","61.178.9.65","1434"
"2018-04-01 02:35:43","61.178.9.65","1434"
"2018-04-01 03:12:39","61.178.9.65","1434"
"2018-04-01 03:49:34","61.178.9.65","1434"
"2018-04-01 03:58:48","61.178.9.65","1434"
"2018-04-01 04:08:02","61.178.9.65","1434"
"2018-04-01 04:17:16","61.178.9.65","1434"
"2018-04-01 04:26:29","61.178.9.65","1434"
"2018-04-01 05:31:06","61.178.9.65","1434"
"2018-04-01 05:58:48","61.178.9.65","1434"
"2018-04-01 06:26:29","61.178.9.65","1434"
"2018-04-01 06:35:43","61.178.9.65","1434"
"2018-04-01 06:44:57","61.178.9.65","1434"
"2018-04-01 07:03:25","61.178.9.65","1434"
"2018-04-01 07:21:52","61.178.9.65","1434"
"2018-04-01 07:40:20","61.178.9.65","1434"
"2018-04-01 08:26:33","61.178.9.65","1434"
"2018-04-01 08:54:15","61.178.9.65","1434"
"2018-04-01 09:03:29","61.178.9.65","1434"
"2018-04-01 09:40:27","61.178.9.65","1434"
"2018-04-01 09:58:55","61.178.9.65","1434"
"2018-04-01 10:45:04","61.178.9.65","1434"
"2018-04-01 11:12:46","61.178.9.65","1434"
"2018-04-01 11:31:13","61.178.9.65","1434"
"2018-04-01 11:40:27","61.178.9.65","1434"
"2018-04-01 11:58:58","61.178.9.65","1434"
"2018-04-01 12:08:12","61.178.9.65","1434"
"2018-04-01 12:26:40","61.178.9.65","1434"
"2018-05-31 09:53:17","61.178.9.74","1434"
"2018-05-31 10:11:45","61.178.9.74","1434"
"2018-05-31 10:30:12","61.178.9.74","1434"
